<?xml version="1.0" encoding="UTF-8" standalone="yes"?>
<addon id="plugin.video.cattv.tva" name="CatTV" version="1.0.1" provider-name="tvaddons">
  <requires>
    <import addon="xbmc.python" version="2.1.0"/>
    <import addon="script.module.addon.common" version="2.0.0"/>
    <import addon="plugin.video.youtube" version="5.0.0"/>
  </requires>
  <extension point="xbmc.python.pluginsource" library="default.py">
        <provides>video</provides>
  </extension>
  <extension point="xbmc.addon.metadata">
    <summary lang="en">Television for Cats</summary>
    <description lang="en">Cats usually lose interest after a few minutes of playing with a laser pointer and other toys. CatTV will keep them captivated for hours!</description>
    <forum>https://www.tvaddons.co/forums</forum>
    <website>https://www.tvaddons.co</website>
    <platform>all</platform>
  </extension>
</addon>
