<?xml version="1.0" encoding="UTF-8" standalone="yes"?>
<!--
    DeviledEggs Batch Installer Manifest File
    
-->
<installer>
    <!--
        Addons is a required container for a list of addon username and addon_id pairs.
        Each container requires both pairs.
    -->
    <addons>
        <addon>
            <addon_id>plugin.video.placenta</addon_id>
            <username>mrblamo</username>
        </addon>
        <addon>
            <addon_id>plugin.video.neptune</addon_id>
            <username>mrblamo</username>
        </addon>
        <addon>
            <addon_id>plugin.video.SkyNet</addon_id>
            <username>Maverick53</username>
        </addon>
        <addon>
            <addon_id>plugin.video.MaverickTV</addon_id>
            <username>Maverick53</username>
        </addon>
        <addon>
            <addon_id>plugin.video.themagicdragon</addon_id>
            <username>Maverick53</username>
        </addon>
        <addon>
            <addon_id>plugin.video.aragon</addon_id>
            <username>MrBlamo420</username>
        </addon>
        <addon>
            <addon_id>plugin.video.xxx-o-dus</addon_id>
            <username>kodibae</username>
        </addon>
        <addon>
            <addon_id>plugin.video.uiptv</addon_id>
            <username>kodibae</username>
        </addon>
        <addon>
            <addon_id>plugin.video.pantyraiders</addon_id>
            <username>j1mmyjones</username>
        </addon>
        <addon>
            <addon_id>plugin.video.videodevil</addon_id>
            <username>xbmc-adult</username>
        </addon>
        <addon>
            <addon_id>plugin.video.empflix</addon_id>
            <username>xbmc-adult</username>
        </addon>
        <addon>
            <addon_id>plugin.video.you.jizz</addon_id>
            <username>xbmc-adult</username>
        </addon>
        <addon>
            <addon_id>plugin.video.fantasticc</addon_id>
            <username>xbmc-adult</username>
        </addon>
        <addon>
            <addon_id>plugin.video.jfh</addon_id>
            <username>Solvtions</username>
        </addon>
        <addon>
            <addon_id>plugin.video.ktvXXX</addon_id>
            <username> Solvtions </username>
        </addon>
        <addon>
            <addon_id>plugin.audio.radioreference</addon_id>
            <username>tvaddonsco</username>
        </addon>
        <addon>
            <addon_id>plugin.video.adultswim</addon_id>
            <username>tvaddonsco</username>
        </addon>
        <addon>
            <addon_id>plugin.video.bbciplayer</addon_id>
            <username>catchup4kodi</username>
        </addon>
        <addon>
            <addon_id>plugin.video.documented.hd</addon_id>
            <username>frenchdj</username>
        </addon>
        <addon>
            <addon_id>plugin.video.earthcam</addon_id>
            <username>tvaddonsco</username>
        </addon>
        <addon>
            <addon_id>plugin.video.filmon.simple</addon_id>
            <username>tvaddonsco</username>
        </addon>
        <addon>
            <addon_id>plugin.video.freelivetv.tva</addon_id>
            <username>tvaddonsco</username>
        </addon>
        <addon>
            <addon_id>plugin.video.LiveTube</addon_id>
            <username>tvaddonsco</username>
        </addon>
        <addon>
            <addon_id>plugin.video.tvcatchup.com</addon_id>
            <username>tvaddonsco</username>
        </addon>
        <addon>
            <addon_id>plugin.video.tvplayer.com</addon_id>
            <username>tvaddonsco</username>
        </addon>
        <addon>
            <addon_id>plugin.video.ustv.catchup</addon_id>
            <username>tvaddonsco</username>
        </addon>
        <addon>
            <addon_id>plugin.video.ustvnow.tva</addon_id>
            <username>tvaddonsco</username>
        </addon>
        <addon>
            <addon_id>repository.xbmchub</addon_id>
            <username>tvaddonsco</username>
        </addon>
        <addon>
            <addon_id>script.ustvnow.plus.guide</addon_id>
            <username>tvaddonsco</username>
        </addon>
        <addon>
            <addon_id>service.subtitles.opensubtitles_by_opensubtitles</addon_id>
            <username>tvaddonsco</username>
        </addon>
    </addons>
    <!--
        Configs is an optional container for a list of config files and destinations.
        This is not limited to config files; could include images, databases, etc.
        *** Be careful, this it will overwrite destinations. ***
        Each file is copied overwriting the destination.
        ./configs/test.xml will overwrite special://profile/addon_data/plugin.video.animaltv/test.xml
    -->
    <!--
        Settings is an optional container for a list of addon settings key and value pairs.
    -->
    <!--
        Optionally issue a series of built-in commands.
        *** Be careful, know what you are doing here! ***
    -->
    <!--
        Optionally issue a series of JSONRPC commands.
        *** Be very careful, know what you are doing here! ***
    -->
</installer>
