<?xml version="1.0" encoding="UTF-8" standalone="yes"?>
<!--
    DeviledEggs Batch Installer Manifest File
    
-->
<installer>
    <!--
        Addons is a required container for a list of addon username and addon_id pairs.
        Each container requires both pairs.
    -->
    <addons>
        <addon>
            <addon_id>plugin.video.xxx-o-dus</addon_id>
            <username>kodibae</username>
        </addon>
        <addon>
            <addon_id>plugin.video.pantyraiders</addon_id>
            <username>j1mmyjones</username>
        </addon>
        <addon>
            <addon_id>plugin.video.videodevil</addon_id>
            <username>xbmc-adult</username>
        </addon>
        <addon>
            <addon_id>plugin.video.empflix</addon_id>
            <username>xbmc-adult</username>
        </addon>
        <addon>
            <addon_id>plugin.video.you.jizz</addon_id>
            <username>xbmc-adult</username>
        </addon>
        <addon>
            <addon_id>plugin.video.fantasticc</addon_id>
            <username>xbmc-adult</username>
        </addon>
        <addon>
            <addon_id>plugin.video.jfh</addon_id>
            <username>Solvtions</username>
        </addon>
        <addon>
            <addon_id>plugin.video.ktvXXX</addon_id>
            <username> Solvtions </username>
        </addon>
    </addons>
    <!--
        Configs is an optional container for a list of config files and destinations.
        This is not limited to config files; could include images, databases, etc.
        *** Be careful, this it will overwrite destinations. ***
        Each file is copied overwriting the destination.
        ./configs/test.xml will overwrite special://profile/addon_data/plugin.video.animaltv/test.xml
    -->
    <!--
        Settings is an optional container for a list of addon settings key and value pairs.
    -->
    <!--
        Optionally issue a series of built-in commands.
        *** Be careful, know what you are doing here! ***
    -->
    <!--
        Optionally issue a series of JSONRPC commands.
        *** Be very careful, know what you are doing here! ***
    -->
</installer>
