<?xml version="1.0" encoding="UTF-8" standalone="yes"?>
<addon id="plugin.video.cbcolympics"
       name="CBC Olympics"
       version="1.0.1"
       provider-name="fourpointsix">
  <requires>
    <import addon="xbmc.python" version="2.24.0"/>
  </requires>
  <extension point="xbmc.python.pluginsource" library="default.py">
    <provides>video</provides>
  </extension>
  <extension point="xbmc.addon.metadata">
    <summary lang="en">CBC Olympics</summary>
    <description lang="en">2018 Winter Olympic streams from the CBC. Streams are geo-blocked so you must be on a Canadian IP for this to work.</description>
    <platform>all</platform>
    <language>en</language>
    <news>v1.0.1
- Added bitrate limit setting
- Changed Python dependency to 2.24 for Kodi 16 compatibility
- Added durations to video listing
- Added start times to upcoming events</news>
  </extension>
  <assets>
    <icon>icon.png</icon>
    <fanart>fanart.jpg</fanart>
  </assets>
</addon>