<?xml version="1.0" encoding="UTF-8" standalone="yes"?>
<addon id="plugin.video.audreytester" name="Audrey Tester" version="1.0.1" provider-name="ptom">
	<requires>
        <import addon="script.module.audrey" />
    </requires>
    <extension point="xbmc.python.pluginsource" library="default.py">
		<provides>video</provides>
	</extension>
    <extension point="xbmc.python.module" library="lib" />
	<extension point="xbmc.addon.metadata">
		<summary lang="en">Test application for audrey</summary>
		<platform>all</platform>
		<language>en</language>
		<forum>https://www.tvaddons.co/forums</forum>
		<website>https://www.tvaddons.co</website>
	</extension>
</addon>
